transaction_id,customer_id,date,amount,direction,channel,narration_raw,true_category
TXN00000001,CUST000001,2024-01-27,93734.8,credit,NEFT,NEFT/416618/SAL/BHARATRETA,salary
TXN00000002,CUST000001,2024-01-04,-26319.05,debit,NEFT,NEFT-RENT-LANDLORD-JAN2024,rent
TXN00000003,CUST000001,2024-01-29,-837.56,debit,UPI,UPI-SWIGGY-PAYMENT-41682,discretionary
TXN00000004,CUST000001,2024-01-19,-557.12,debit,UPI,UPI-BIGBASKET-PAYMENT-93123,discretionary
TXN00000005,CUST000001,2024-01-11,-2589.26,debit,UPI,UPI-FLIPKART-PAYMENT-92555,discretionary
TXN00000006,CUST000001,2024-01-27,-719.22,debit,UPI,UPI-FLIPKART-PAYMENT-44526,discretionary
TXN00000007,CUST000001,2024-01-26,-640.15,debit,UPI,UPI-AMAZON-PAYMENT-51196,discretionary
TXN00000008,CUST000001,2024-01-05,-1103.36,debit,UPI,UPI-ZOMATO-PAYMENT-37253,discretionary
TXN00000009,CUST000001,2024-01-16,-648.47,debit,UPI,UPI-DMART-PAYMENT-79768,discretionary
TXN00000010,CUST000001,2024-01-25,-1035.02,debit,UPI,UPI-ZOMATO-PAYMENT-15230,discretionary
TXN00000011,CUST000001,2024-01-19,-627.4,debit,UPI,UPI-PVR CINEMAS-PAYMENT-96730,discretionary
TXN00000012,CUST000001,2024-01-12,-1686.91,debit,UPI,UPI-IRCTC-PAYMENT-67209,discretionary
TXN00000013,CUST000001,2024-01-14,-726.59,debit,UPI,UPI-SWIGGY-PAYMENT-50345,discretionary
TXN00000014,CUST000001,2024-01-28,-1592.31,debit,UPI,UPI-SWIGGY-PAYMENT-33650,discretionary
TXN00000015,CUST000001,2024-01-11,-1590.7,debit,UPI,UPI-ZOMATO-PAYMENT-62918,discretionary
TXN00000016,CUST000001,2024-02-28,90648.18,credit,NEFT,NEFT-N353960-SALARY-NEXGENSYSTEMS-FEB2024,salary
TXN00000017,CUST000001,2024-02-03,-19573.15,debit,NEFT,NEFT-RENT-LANDLORD-FEB2024,rent
TXN00000018,CUST000001,2024-02-19,-414.08,debit,UPI,UPI-FLIPKART-PAYMENT-29560,discretionary
TXN00000019,CUST000001,2024-02-17,-2000.31,debit,UPI,UPI-DMART-PAYMENT-90991,discretionary
TXN00000020,CUST000001,2024-02-07,-414.1,debit,UPI,UPI-PVR CINEMAS-PAYMENT-16471,discretionary
TXN00000021,CUST000001,2024-02-23,-376.56,debit,UPI,UPI-SWIGGY-PAYMENT-24838,discretionary
TXN00000022,CUST000001,2024-02-14,-930.59,debit,UPI,UPI-DMART-PAYMENT-26801,discretionary
TXN00000023,CUST000001,2024-02-28,-641.53,debit,UPI,UPI-FLIPKART-PAYMENT-15255,discretionary
TXN00000024,CUST000001,2024-02-19,-1194.61,debit,UPI,UPI-DMART-PAYMENT-94147,discretionary
TXN00000025,CUST000001,2024-02-06,-1529.3,debit,UPI,UPI-IRCTC-PAYMENT-33523,discretionary
TXN00000026,CUST000001,2024-02-13,-820.75,debit,UPI,UPI-FLIPKART-PAYMENT-51569,discretionary
TXN00000027,CUST000001,2024-02-14,-3568.69,debit,UPI,UPI-RELIANCE DIGITAL-PAYMENT-92054,discretionary
TXN00000028,CUST000001,2024-02-09,-575.38,debit,UPI,UPI-PVR CINEMAS-PAYMENT-49923,discretionary
TXN00000029,CUST000001,2024-03-26,86158.45,credit,NEFT,NEFT-N083127-SALARY-RELIABLETRADERS-MAR2024,salary
TXN00000030,CUST000001,2024-03-04,-22244.89,debit,NEFT,NEFT-RENT-LANDLORD-MAR2024,rent
TXN00000031,CUST000001,2024-03-16,-1196.37,debit,UPI,UPI-SWIGGY-PAYMENT-99683,discretionary
TXN00000032,CUST000001,2024-03-17,-1041.01,debit,UPI,UPI-AMAZON-PAYMENT-50216,discretionary
TXN00000033,CUST000001,2024-03-28,-1219.4,debit,UPI,UPI-IRCTC-PAYMENT-42069,discretionary
TXN00000034,CUST000001,2024-03-02,-1115.98,debit,UPI,UPI-MYNTRA-PAYMENT-71891,discretionary
TXN00000035,CUST000001,2024-03-07,-1043.43,debit,UPI,UPI-BIGBASKET-PAYMENT-27665,discretionary
TXN00000036,CUST000001,2024-03-14,-692.43,debit,UPI,UPI-AMAZON-PAYMENT-79148,discretionary
TXN00000037,CUST000001,2024-04-26,101987.21,credit,NEFT,NEFT-N530735-SALARY-NEXGENSYSTEMS-APR2024,salary
TXN00000038,CUST000001,2024-04-03,-21818.63,debit,UPI,NEFT-RENT-LANDLORD-APR2024,rent
TXN00000039,CUST000001,2024-04-07,-191.82,debit,UPI,UPI-MYNTRA-PAYMENT-25367,discretionary
TXN00000040,CUST000001,2024-04-13,-681.4,debit,UPI,UPI-ZOMATO-PAYMENT-96698,discretionary
TXN00000041,CUST000001,2024-04-26,-1091.9,debit,UPI,UPI-ZOMATO-PAYMENT-38567,discretionary
TXN00000042,CUST000001,2024-04-17,-1664.59,debit,UPI,UPI-IRCTC-PAYMENT-42323,discretionary
TXN00000043,CUST000001,2024-04-13,-912.44,debit,UPI,UPI-ZOMATO-PAYMENT-50924,discretionary
TXN00000044,CUST000001,2024-04-16,-443.58,debit,UPI,UPI-MYNTRA-PAYMENT-50871,discretionary
TXN00000045,CUST000001,2024-05-30,96044.03,credit,NEFT,SALARY CREDIT METRO LOGISTICS MAY2024,salary
TXN00000046,CUST000001,2024-05-03,-23776.03,debit,NEFT,NEFT-RENT-LANDLORD-MAY2024,rent
TXN00000047,CUST000001,2024-05-20,-827.89,debit,UPI,UPI-PVR CINEMAS-PAYMENT-76664,discretionary
TXN00000048,CUST000001,2024-05-15,-452.94,debit,UPI,UPI-BIGBASKET-PAYMENT-31678,discretionary
TXN00000049,CUST000001,2024-05-16,-750.78,debit,UPI,UPI-SWIGGY-PAYMENT-41586,discretionary
TXN00000050,CUST000001,2024-05-23,-562.77,debit,UPI,UPI-RELIANCE DIGITAL-PAYMENT-36959,discretionary
TXN00000051,CUST000001,2024-05-11,-786.3,debit,UPI,UPI-DMART-PAYMENT-49497,discretionary
TXN00000052,CUST000001,2024-05-26,-458.91,debit,UPI,UPI-ZOMATO-PAYMENT-65161,discretionary
TXN00000053,CUST000001,2024-05-22,-413.03,debit,UPI,UPI-IRCTC-PAYMENT-67020,discretionary
TXN00000054,CUST000001,2024-05-22,-544.31,debit,UPI,UPI-ZOMATO-PAYMENT-42384,discretionary
TXN00000055,CUST000001,2024-05-09,-321.18,debit,UPI,UPI-DMART-PAYMENT-59628,discretionary
TXN00000056,CUST000001,2024-05-05,-1904.29,debit,UPI,UPI-BIGBASKET-PAYMENT-32879,discretionary
TXN00000057,CUST000001,2024-06-23,94542.43,credit,NEFT,SALARY CREDIT METRO LOGISTICS JUN2024,salary
TXN00000058,CUST000001,2024-06-02,-25063.11,debit,NEFT,NEFT-RENT-LANDLORD-JUN2024,rent
TXN00000059,CUST000001,2024-06-19,-989.64,debit,UPI,UPI-PVR CINEMAS-PAYMENT-30989,discretionary
TXN00000060,CUST000001,2024-06-07,-2435.8,debit,UPI,UPI-FLIPKART-PAYMENT-64197,discretionary
TXN00000061,CUST000001,2024-06-27,-1671.86,debit,UPI,UPI-ZOMATO-PAYMENT-47914,discretionary
TXN00000062,CUST000001,2024-06-27,-2151.42,debit,UPI,UPI-SWIGGY-PAYMENT-60500,discretionary
TXN00000063,CUST000001,2024-05-31,-836.79,debit,UPI,UPI-FLIPKART-PAYMENT-34663,discretionary
TXN00000064,CUST000001,2024-06-09,-587.86,debit,UPI,UPI-BIGBASKET-PAYMENT-54991,discretionary
TXN00000065,CUST000001,2024-06-05,-381.73,debit,UPI,UPI-ZOMATO-PAYMENT-48655,discretionary
TXN00000066,CUST000001,2024-06-06,-760.22,debit,UPI,UPI-FLIPKART-PAYMENT-38814,discretionary
TXN00000067,CUST000001,2024-07-28,98822.83,credit,NEFT,NEFT-N757832-SALARY-BHARATRETAILLTD-JUL2024,salary
TXN00000068,CUST000001,2024-07-02,-25720.57,debit,UPI,NEFT-RENT-LANDLORD-JUL2024,rent
TXN00000069,CUST000001,2024-07-27,-680.15,debit,UPI,UPI-IRCTC-PAYMENT-70104,discretionary
TXN00000070,CUST000001,2024-07-05,-202.93,debit,UPI,UPI-BIGBASKET-PAYMENT-52180,discretionary
TXN00000071,CUST000001,2024-07-20,-2202.73,debit,UPI,UPI-RELIANCE DIGITAL-PAYMENT-86358,discretionary
TXN00000072,CUST000001,2024-07-04,-474.93,debit,UPI,UPI-MYNTRA-PAYMENT-92470,discretionary
TXN00000073,CUST000001,2024-07-17,-4476.54,debit,UPI,UPI-AMAZON-PAYMENT-96301,discretionary
TXN00000074,CUST000001,2024-07-17,-2965.03,debit,UPI,UPI-MYNTRA-PAYMENT-43092,discretionary
TXN00000075,CUST000001,2024-07-23,-2257.48,debit,UPI,UPI-MYNTRA-PAYMENT-59947,discretionary
TXN00000076,CUST000001,2024-07-18,-592.32,debit,UPI,UPI-FLIPKART-PAYMENT-15981,discretionary
TXN00000077,CUST000001,2024-07-01,-773.92,debit,UPI,UPI-BIGBASKET-PAYMENT-19494,discretionary
TXN00000078,CUST000001,2024-07-11,-704.02,debit,UPI,UPI-ZOMATO-PAYMENT-71900,discretionary
TXN00000079,CUST000001,2024-08-23,91500.53,credit,NEFT,NEFT/435590/SAL/SUNCITYCOR,salary
TXN00000080,CUST000001,2024-08-01,-22864.61,debit,NEFT,NEFT-RENT-LANDLORD-AUG2024,rent
TXN00000081,CUST000001,2024-07-31,-955.1,debit,UPI,UPI-DMART-PAYMENT-39505,discretionary
TXN00000082,CUST000001,2024-08-21,-242.96,debit,UPI,UPI-FLIPKART-PAYMENT-50480,discretionary
TXN00000083,CUST000001,2024-08-04,-519.64,debit,UPI,UPI-AMAZON-PAYMENT-68403,discretionary
TXN00000084,CUST000001,2024-08-13,-968.98,debit,UPI,UPI-RELIANCE DIGITAL-PAYMENT-66436,discretionary
TXN00000085,CUST000001,2024-08-03,-1229.37,debit,UPI,UPI-IRCTC-PAYMENT-78823,discretionary
TXN00000086,CUST000001,2024-08-04,-213.84,debit,UPI,UPI-BIGBASKET-PAYMENT-84190,discretionary
TXN00000087,CUST000001,2024-09-22,95229.06,credit,NEFT,SALARY CREDIT NEXGEN SYSTEMS SEP2024,salary
TXN00000088,CUST000001,2024-08-31,-26066.26,debit,NEFT,NEFT-RENT-LANDLORD-AUG2024,rent
TXN00000089,CUST000001,2024-09-03,-445.93,debit,UPI,UPI-MYNTRA-PAYMENT-95332,discretionary
TXN00000090,CUST000001,2024-09-06,-576.31,debit,UPI,UPI-SWIGGY-PAYMENT-27112,discretionary
TXN00000091,CUST000001,2024-09-03,-904.71,debit,UPI,UPI-FLIPKART-PAYMENT-83988,discretionary
TXN00000092,CUST000001,2024-08-30,-1180.67,debit,UPI,UPI-SWIGGY-PAYMENT-94739,discretionary
TXN00000093,CUST000001,2024-09-22,-708.95,debit,UPI,UPI-MYNTRA-PAYMENT-56169,discretionary
TXN00000094,CUST000001,2024-09-22,-702.49,debit,UPI,UPI-IRCTC-PAYMENT-36917,discretionary
TXN00000095,CUST000001,2024-09-16,-1261.4,debit,UPI,UPI-BIGBASKET-PAYMENT-37673,discretionary
TXN00000096,CUST000001,2024-10-27,96392.07,credit,NEFT,NEFT-N751795-SALARY-BHARATRETAILLTD-OCT2024,salary
TXN00000097,CUST000001,2024-09-30,-21705.79,debit,NEFT,NEFT-RENT-LANDLORD-SEP2024,rent
TXN00000098,CUST000001,2024-10-24,-420.65,debit,UPI,UPI-FLIPKART-PAYMENT-34131,discretionary
TXN00000099,CUST000001,2024-10-15,-416.95,debit,UPI,UPI-PVR CINEMAS-PAYMENT-86682,discretionary
TXN00000100,CUST000001,2024-10-17,-2387.03,debit,UPI,UPI-MYNTRA-PAYMENT-80932,discretionary
TXN00000101,CUST000001,2024-10-01,-2059.39,debit,UPI,UPI-FLIPKART-PAYMENT-89611,discretionary
TXN00000102,CUST000001,2024-10-01,-1152.36,debit,UPI,UPI-RELIANCE DIGITAL-PAYMENT-27673,discretionary
TXN00000103,CUST000001,2024-09-30,-365.54,debit,UPI,UPI-IRCTC-PAYMENT-88696,discretionary
TXN00000104,CUST000001,2024-10-16,-1165.49,debit,UPI,UPI-RELIANCE DIGITAL-PAYMENT-40854,discretionary
TXN00000105,CUST000001,2024-10-23,-1227.13,debit,UPI,UPI-AMAZON-PAYMENT-84006,discretionary
TXN00000106,CUST000001,2024-10-20,-951.88,debit,UPI,UPI-BIGBASKET-PAYMENT-79034,discretionary
TXN00000107,CUST000001,2024-11-24,92280.51,credit,NEFT,SALARY CREDIT SUNCITY CORP NOV2024,salary
TXN00000108,CUST000001,2024-10-30,-22622.6,debit,NEFT,NEFT-RENT-LANDLORD-OCT2024,rent
TXN00000109,CUST000001,2024-11-02,-2208.61,debit,UPI,UPI-FLIPKART-PAYMENT-19868,discretionary
TXN00000110,CUST000001,2024-11-04,-353.79,debit,UPI,UPI-DMART-PAYMENT-36436,discretionary
TXN00000111,CUST000001,2024-11-22,-1570.88,debit,UPI,UPI-DMART-PAYMENT-32812,discretionary
TXN00000112,CUST000001,2024-11-12,-1264.07,debit,UPI,UPI-BIGBASKET-PAYMENT-77959,discretionary
TXN00000113,CUST000001,2024-11-10,-420.12,debit,UPI,UPI-PVR CINEMAS-PAYMENT-95566,discretionary
TXN00000114,CUST000001,2024-10-31,-1855.52,debit,UPI,UPI-IRCTC-PAYMENT-18920,discretionary
TXN00000115,CUST000001,2024-11-20,-1062.8,debit,UPI,UPI-PVR CINEMAS-PAYMENT-91356,discretionary
TXN00000116,CUST000001,2024-11-15,-502.8,debit,UPI,UPI-IRCTC-PAYMENT-85527,discretionary
TXN00000117,CUST000001,2024-10-29,-925.84,debit,UPI,UPI-MYNTRA-PAYMENT-23963,discretionary
TXN00000118,CUST000001,2024-10-29,-1537.91,debit,UPI,UPI-FLIPKART-PAYMENT-57709,discretionary
TXN00000119,CUST000001,2024-11-05,-1600.51,debit,UPI,UPI-AMAZON-PAYMENT-83723,discretionary
TXN00000120,CUST000001,2024-11-07,-620.94,debit,ECS,ECS-RETURN-INSUFFICIENT FUNDS,bounce
TXN00000121,CUST000001,2024-12-23,93669.76,credit,NEFT,NEFT/709927/SAL/PRIMECONSU,salary
TXN00000122,CUST000001,2024-11-29,-22962.98,debit,NEFT,NEFT-RENT-LANDLORD-NOV2024,rent
TXN00000123,CUST000001,2024-12-05,-2275.87,debit,UPI,UPI-ZOMATO-PAYMENT-45164,discretionary
TXN00000124,CUST000001,2024-12-06,-3478.39,debit,UPI,UPI-SWIGGY-PAYMENT-25153,discretionary
TXN00000125,CUST000001,2024-12-14,-862.66,debit,UPI,UPI-ZOMATO-PAYMENT-69554,discretionary
TXN00000126,CUST000001,2024-12-16,-1176.68,debit,UPI,UPI-AMAZON-PAYMENT-59017,discretionary
TXN00000127,CUST000001,2024-11-27,-733.27,debit,UPI,UPI-AMAZON-PAYMENT-91193,discretionary
TXN00000128,CUST000001,2024-12-08,-2300.44,debit,UPI,UPI-IRCTC-PAYMENT-21179,discretionary
TXN00000129,CUST000001,2025-01-24,104130.3,credit,NEFT,NEFT/168623/SAL/BHARATRETA,salary
TXN00000130,CUST000001,2024-12-29,-25069.81,debit,NEFT,NEFT-RENT-LANDLORD-DEC2024,rent
TXN00000131,CUST000001,2025-01-14,-459.64,debit,UPI,UPI-IRCTC-PAYMENT-97125,discretionary
TXN00000132,CUST000001,2025-01-19,-1480.49,debit,UPI,UPI-IRCTC-PAYMENT-99366,discretionary
TXN00000133,CUST000001,2025-01-17,-866.78,debit,UPI,UPI-PVR CINEMAS-PAYMENT-40892,discretionary
TXN00000134,CUST000001,2025-01-13,-494.9,debit,UPI,UPI-RELIANCE DIGITAL-PAYMENT-89898,discretionary
TXN00000135,CUST000001,2024-12-29,-1138.21,debit,UPI,UPI-DMART-PAYMENT-35343,discretionary
TXN00000136,CUST000001,2025-01-09,-1239.0,debit,UPI,UPI-BIGBASKET-PAYMENT-90095,discretionary
TXN00000137,CUST000001,2024-12-28,-795.64,debit,UPI,UPI-DMART-PAYMENT-60666,discretionary
TXN00000138,CUST000001,2025-01-02,-866.5,debit,UPI,UPI-SWIGGY-PAYMENT-25841,discretionary
TXN00000139,CUST000001,2025-01-04,-539.97,debit,UPI,UPI-ZOMATO-PAYMENT-32557,discretionary
TXN00000140,CUST000001,2025-01-03,-214.12,debit,UPI,UPI-DMART-PAYMENT-46669,discretionary
TXN00000141,CUST000001,2025-01-12,-401.55,debit,UPI,UPI-BIGBASKET-PAYMENT-94979,discretionary
TXN00000142,CUST000001,2025-02-19,88702.18,credit,NEFT,SALARY CREDIT METRO LOGISTICS FEB2025,salary
TXN00000143,CUST000001,2025-01-28,-22149.0,debit,NEFT,NEFT-RENT-LANDLORD-JAN2025,rent
TXN00000144,CUST000001,2025-01-29,-897.53,debit,UPI,UPI-ZOMATO-PAYMENT-40468,discretionary
TXN00000145,CUST000001,2025-02-11,-1984.36,debit,UPI,UPI-BIGBASKET-PAYMENT-87498,discretionary
TXN00000146,CUST000001,2025-02-19,-859.58,debit,UPI,UPI-IRCTC-PAYMENT-69724,discretionary
TXN00000147,CUST000001,2025-03-22,101134.13,credit,NEFT,SALARY CREDIT SUNCITY CORP MAR2025,salary
TXN00000148,CUST000001,2025-02-27,-22452.44,debit,NEFT,NEFT-RENT-LANDLORD-FEB2025,rent
TXN00000149,CUST000001,2025-03-10,-478.98,debit,UPI,UPI-RELIANCE DIGITAL-PAYMENT-94801,discretionary
TXN00000150,CUST000001,2025-03-19,-362.88,debit,UPI,UPI-SWIGGY-PAYMENT-34413,discretionary
TXN00000151,CUST000001,2025-03-19,-1212.04,debit,UPI,UPI-BIGBASKET-PAYMENT-11986,discretionary
TXN00000152,CUST000001,2025-02-28,-342.6,debit,UPI,UPI-DMART-PAYMENT-78517,discretionary
TXN00000153,CUST000001,2025-03-06,-4321.69,debit,UPI,UPI-AMAZON-PAYMENT-76551,discretionary
TXN00000154,CUST000001,2025-03-19,-795.14,debit,UPI,UPI-DMART-PAYMENT-94097,discretionary
TXN00000155,CUST000001,2025-03-15,-2272.9,debit,UPI,UPI-ZOMATO-PAYMENT-28742,discretionary
TXN00000156,CUST000001,2025-03-10,-836.92,debit,UPI,UPI-BIGBASKET-PAYMENT-30238,discretionary
TXN00000157,CUST000001,2025-03-23,-1515.28,debit,UPI,UPI-DMART-PAYMENT-13549,discretionary
TXN00000158,CUST000001,2025-03-05,-1929.51,debit,UPI,UPI-PVR CINEMAS-PAYMENT-89746,discretionary
TXN00000159,CUST000001,2025-03-16,-1753.84,debit,UPI,UPI-FLIPKART-PAYMENT-60858,discretionary
TXN00000160,CUST000001,2025-03-21,-1025.82,debit,UPI,UPI-AMAZON-PAYMENT-17446,discretionary
TXN00000161,CUST000001,2025-03-09,-579.29,debit,UPI,UPI-MYNTRA-PAYMENT-94771,discretionary
TXN00000162,CUST000001,2025-04-22,77444.45,credit,NEFT,SALARY CREDIT SUNCITY CORP APR2025,salary
TXN00000163,CUST000001,2025-03-29,-23343.42,debit,UPI,NEFT-RENT-LANDLORD-MAR2025,rent
TXN00000164,CUST000001,2025-03-30,-342.55,debit,UPI,UPI-DMART-PAYMENT-37767,discretionary
TXN00000165,CUST000001,2025-04-15,-600.16,debit,UPI,UPI-DMART-PAYMENT-67070,discretionary
TXN00000166,CUST000001,2025-04-17,-868.68,debit,UPI,UPI-SWIGGY-PAYMENT-23251,discretionary
TXN00000167,CUST000001,2025-04-09,-442.58,debit,UPI,UPI-PVR CINEMAS-PAYMENT-35735,discretionary
TXN00000168,CUST000001,2025-03-29,-741.74,debit,UPI,UPI-MYNTRA-PAYMENT-45937,discretionary
TXN00000169,CUST000001,2025-04-06,-910.55,debit,UPI,UPI-RELIANCE DIGITAL-PAYMENT-34751,discretionary
TXN00000170,CUST000001,2025-04-12,-1097.71,debit,UPI,UPI-SWIGGY-PAYMENT-93518,discretionary
TXN00000171,CUST000001,2025-05-22,92234.04,credit,NEFT,NEFT/926610/SAL/BHARATRETA,salary
TXN00000172,CUST000001,2025-04-28,-23055.79,debit,NEFT,NEFT-RENT-LANDLORD-APR2025,rent
TXN00000173,CUST000001,2025-05-11,-1207.33,debit,UPI,UPI-MYNTRA-PAYMENT-14403,discretionary
TXN00000174,CUST000001,2025-05-07,-868.65,debit,UPI,UPI-BIGBASKET-PAYMENT-14417,discretionary
TXN00000175,CUST000001,2025-04-27,-1040.26,debit,UPI,UPI-FLIPKART-PAYMENT-24075,discretionary
TXN00000176,CUST000001,2025-04-30,-786.82,debit,UPI,UPI-SWIGGY-PAYMENT-32775,discretionary
TXN00000177,CUST000001,2025-04-27,-1410.1,debit,UPI,UPI-FLIPKART-PAYMENT-75792,discretionary
TXN00000178,CUST000001,2025-05-06,-282.19,debit,UPI,UPI-PVR CINEMAS-PAYMENT-99247,discretionary
TXN00000179,CUST000001,2025-05-23,-453.55,debit,UPI,UPI-ZOMATO-PAYMENT-18773,discretionary
TXN00000180,CUST000001,2025-06-18,94335.64,credit,NEFT,NEFT-N575481-SALARY-BHARATRETAILLTD-JUN2025,salary
TXN00000181,CUST000001,2025-05-28,-19937.33,debit,UPI,NEFT-RENT-LANDLORD-MAY2025,rent
TXN00000182,CUST000001,2025-05-28,-1050.46,debit,UPI,UPI-RELIANCE DIGITAL-PAYMENT-23837,discretionary
TXN00000183,CUST000001,2025-06-03,-468.4,debit,UPI,UPI-ZOMATO-PAYMENT-81544,discretionary
TXN00000184,CUST000001,2025-06-16,-2228.44,debit,UPI,UPI-DMART-PAYMENT-78622,discretionary
TXN00000185,CUST000001,2025-06-21,-645.28,debit,UPI,UPI-AMAZON-PAYMENT-72592,discretionary
TXN00000186,CUST000001,2025-06-14,-498.45,debit,UPI,UPI-AMAZON-PAYMENT-66715,discretionary
TXN00000187,CUST000001,2025-06-04,-763.22,debit,UPI,UPI-RELIANCE DIGITAL-PAYMENT-18607,discretionary
TXN00000188,CUST000001,2025-06-09,-1475.43,debit,UPI,UPI-DMART-PAYMENT-49382,discretionary
TXN00000189,CUST000001,2025-06-19,-957.3,debit,UPI,UPI-AMAZON-PAYMENT-14016,discretionary
TXN00000190,CUST000001,2025-06-15,-1902.1,debit,UPI,UPI-BIGBASKET-PAYMENT-86705,discretionary
TXN00000191,CUST000002,2024-01-27,65900.11,credit,NEFT,NEFT/470257/SAL/SKYLINETEX,salary
TXN00000192,CUST000002,2024-01-06,-8940.13,debit,ECS,ECS-EMI-ICICI-LOAN269641,emi
TXN00000193,CUST000002,2024-01-03,-306.7,debit,UPI,UPI-DMART-PAYMENT-67597,discretionary
TXN00000194,CUST000002,2024-01-27,-1547.94,debit,UPI,UPI-FLIPKART-PAYMENT-82056,discretionary
TXN00000195,CUST000002,2024-01-05,-1101.32,debit,UPI,UPI-BIGBASKET-PAYMENT-34067,discretionary
TXN00000196,CUST000002,2024-01-27,-2226.32,debit,UPI,UPI-IRCTC-PAYMENT-54790,discretionary
TXN00000197,CUST000002,2024-01-05,-611.47,debit,UPI,UPI-MYNTRA-PAYMENT-96324,discretionary
TXN00000198,CUST000002,2024-01-10,-637.7,debit,UPI,UPI-RELIANCE DIGITAL-PAYMENT-52629,discretionary
TXN00000199,CUST000002,2024-01-11,-187.27,debit,UPI,UPI-DMART-PAYMENT-77724,discretionary
TXN00000200,CUST000002,2024-01-02,-559.36,debit,UPI,UPI-RELIANCE DIGITAL-PAYMENT-10687,discretionary
TXN00000201,CUST000002,2024-02-25,63865.61,credit,NEFT,NEFT/564120/SAL/BHARATRETA,salary
TXN00000202,CUST000002,2024-02-05,-8879.21,debit,ECS,ECS-EMI-ICICI-LOAN123734,emi
TXN00000203,CUST000002,2024-02-15,-994.56,debit,UPI,UPI-FLIPKART-PAYMENT-66747,discretionary
TXN00000204,CUST000002,2024-02-07,-221.17,debit,UPI,UPI-ZOMATO-PAYMENT-17467,discretionary
TXN00000205,CUST000002,2024-02-02,-561.58,debit,UPI,UPI-MYNTRA-PAYMENT-45321,discretionary
TXN00000206,CUST000002,2024-02-25,-726.47,debit,UPI,UPI-SWIGGY-PAYMENT-71593,discretionary
TXN00000207,CUST000002,2024-02-06,-251.31,debit,UPI,UPI-PVR CINEMAS-PAYMENT-92623,discretionary
TXN00000208,CUST000002,2024-02-20,-474.47,debit,UPI,UPI-DMART-PAYMENT-76182,discretionary
TXN00000209,CUST000002,2024-02-20,-226.03,debit,UPI,UPI-FLIPKART-PAYMENT-79016,discretionary
TXN00000210,CUST000002,2024-02-16,-642.57,debit,UPI,UPI-PVR CINEMAS-PAYMENT-45198,discretionary
TXN00000211,CUST000002,2024-02-27,-417.73,debit,UPI,UPI-FLIPKART-PAYMENT-21999,discretionary
TXN00000212,CUST000002,2024-03-26,67575.28,credit,NEFT,NEFT-N893270-SALARY-INFOTECHSOLUTIONS-MAR2024,salary
TXN00000213,CUST000002,2024-03-06,-9484.05,debit,ECS,ECS-EMI-HDFC-LOAN114455,emi
TXN00000214,CUST000002,2024-03-02,-660.3,debit,UPI,UPI-SWIGGY-PAYMENT-35516,discretionary
TXN00000215,CUST000002,2024-03-03,-441.39,debit,UPI,UPI-FLIPKART-PAYMENT-77521,discretionary
TXN00000216,CUST000002,2024-03-17,-988.99,debit,UPI,UPI-ZOMATO-PAYMENT-92335,discretionary
TXN00000217,CUST000002,2024-03-04,-628.71,debit,UPI,UPI-SWIGGY-PAYMENT-18997,discretionary
TXN00000218,CUST000002,2024-03-04,-3106.09,debit,UPI,UPI-MYNTRA-PAYMENT-28213,discretionary
TXN00000219,CUST000002,2024-03-08,-756.25,debit,UPI,UPI-ZOMATO-PAYMENT-17919,discretionary
TXN00000220,CUST000002,2024-03-13,-435.8,debit,UPI,UPI-DMART-PAYMENT-68292,discretionary
TXN00000221,CUST000002,2024-04-25,65573.88,credit,NEFT,SALARY CREDIT NEXGEN SYSTEMS APR2024,salary
TXN00000222,CUST000002,2024-04-05,-6182.0,debit,ECS,ECS-EMI-SBI-LOAN644360,emi
TXN00000223,CUST000002,2024-04-07,-1636.58,debit,UPI,UPI-RELIANCE DIGITAL-PAYMENT-71269,discretionary
TXN00000224,CUST000002,2024-04-21,-588.65,debit,UPI,UPI-FLIPKART-PAYMENT-13974,discretionary
TXN00000225,CUST000002,2024-04-27,-117.73,debit,UPI,UPI-DMART-PAYMENT-58612,discretionary
TXN00000226,CUST000002,2024-04-08,-1188.78,debit,UPI,UPI-AMAZON-PAYMENT-71055,discretionary
TXN00000227,CUST000002,2024-04-02,-570.83,debit,UPI,UPI-PVR CINEMAS-PAYMENT-56634,discretionary
TXN00000228,CUST000002,2024-04-26,-660.07,debit,UPI,UPI-PVR CINEMAS-PAYMENT-73028,discretionary
TXN00000229,CUST000002,2024-04-09,-227.75,debit,UPI,UPI-RELIANCE DIGITAL-PAYMENT-65526,discretionary
TXN00000230,CUST000002,2024-04-14,-428.14,debit,UPI,UPI-FLIPKART-PAYMENT-38730,discretionary
TXN00000231,CUST000002,2024-04-06,-222.85,debit,UPI,UPI-RELIANCE DIGITAL-PAYMENT-13178,discretionary
TXN00000232,CUST000002,2024-04-08,-1187.91,debit,UPI,UPI-IRCTC-PAYMENT-37847,discretionary
TXN00000233,CUST000002,2024-05-27,65045.76,credit,NEFT,SALARY CREDIT NEXGEN SYSTEMS MAY2024,salary
TXN00000234,CUST000002,2024-05-05,-9686.95,debit,ECS,ECS-EMI-HDFC-LOAN708179,emi
TXN00000235,CUST000002,2024-05-01,-549.0,debit,UPI,UPI-ZOMATO-PAYMENT-64931,discretionary
TXN00000236,CUST000002,2024-05-26,-425.44,debit,UPI,UPI-IRCTC-PAYMENT-41888,discretionary
TXN00000237,CUST000002,2024-05-27,-361.92,debit,UPI,UPI-MYNTRA-PAYMENT-24289,discretionary
TXN00000238,CUST000002,2024-05-24,-660.89,debit,UPI,UPI-IRCTC-PAYMENT-24890,discretionary
TXN00000239,CUST000002,2024-05-25,-382.43,debit,UPI,UPI-IRCTC-PAYMENT-89522,discretionary
TXN00000240,CUST000002,2024-05-19,-575.02,debit,UPI,UPI-RELIANCE DIGITAL-PAYMENT-46190,discretionary
TXN00000241,CUST000002,2024-05-22,-897.91,debit,UPI,UPI-SWIGGY-PAYMENT-95066,discretionary
TXN00000242,CUST000002,2024-05-26,-897.47,debit,UPI,UPI-ZOMATO-PAYMENT-30096,discretionary
TXN00000243,CUST000002,2024-05-17,-1226.13,debit,UPI,UPI-SWIGGY-PAYMENT-86277,discretionary
TXN00000244,CUST000002,2024-05-16,-877.06,debit,UPI,UPI-IRCTC-PAYMENT-44014,discretionary
TXN00000245,CUST000002,2024-05-14,-736.38,debit,UPI,UPI-MYNTRA-PAYMENT-70299,discretionary
TXN00000246,CUST000002,2024-06-29,67258.78,credit,NEFT,NEFT/515067/SAL/BHARATRETA,salary
TXN00000247,CUST000002,2024-06-04,-7955.58,debit,ECS,ECS-EMI-ICICI-LOAN405450,emi
TXN00000248,CUST000002,2024-06-12,-465.41,debit,UPI,UPI-FLIPKART-PAYMENT-36298,discretionary
TXN00000249,CUST000002,2024-06-11,-292.2,debit,UPI,UPI-FLIPKART-PAYMENT-43191,discretionary
TXN00000250,CUST000002,2024-06-19,-184.64,debit,UPI,UPI-DMART-PAYMENT-46285,discretionary
TXN00000251,CUST000002,2024-06-01,-254.3,debit,UPI,UPI-RELIANCE DIGITAL-PAYMENT-27806,discretionary
TXN00000252,CUST000002,2024-06-19,-726.66,debit,UPI,UPI-AMAZON-PAYMENT-75705,discretionary
TXN00000253,CUST000002,2024-06-14,-95.31,debit,UPI,UPI-IRCTC-PAYMENT-25513,discretionary
TXN00000254,CUST000002,2024-06-03,-335.96,debit,UPI,UPI-AMAZON-PAYMENT-63238,discretionary
TXN00000255,CUST000002,2024-06-08,-1023.6,debit,UPI,UPI-BIGBASKET-PAYMENT-80668,discretionary
TXN00000256,CUST000002,2024-06-27,-288.86,debit,UPI,UPI-RELIANCE DIGITAL-PAYMENT-65541,discretionary
TXN00000257,CUST000002,2024-06-26,-650.71,debit,UPI,UPI-FLIPKART-PAYMENT-50717,discretionary
TXN00000258,CUST000002,2024-06-15,-225.27,debit,UPI,UPI-ZOMATO-PAYMENT-18743,discretionary
TXN00000259,CUST000002,2024-06-08,-1621.0,debit,UPI,UPI-RELIANCE DIGITAL-PAYMENT-25460,discretionary
TXN00000260,CUST000002,2024-07-29,63267.7,credit,NEFT,NEFT/380543/SAL/BHARATRETA,salary
TXN00000261,CUST000002,2024-07-04,-5469.84,debit,ECS,ECS-EMI-HDFC-LOAN862569,emi
TXN00000262,CUST000002,2024-07-25,-512.2,debit,UPI,UPI-DMART-PAYMENT-51811,discretionary
TXN00000263,CUST000002,2024-07-26,-577.73,debit,UPI,UPI-SWIGGY-PAYMENT-48697,discretionary
TXN00000264,CUST000002,2024-07-15,-760.44,debit,UPI,UPI-ZOMATO-PAYMENT-37158,discretionary
TXN00000265,CUST000002,2024-08-23,61303.56,credit,NEFT,SALARY CREDIT NEXGEN SYSTEMS AUG2024,salary
TXN00000266,CUST000002,2024-08-03,-7957.97,debit,ECS,ECS-EMI-ICICI-LOAN559937,emi
TXN00000267,CUST000002,2024-08-01,-485.03,debit,UPI,UPI-IRCTC-PAYMENT-10503,discretionary
TXN00000268,CUST000002,2024-08-26,-1205.22,debit,UPI,UPI-RELIANCE DIGITAL-PAYMENT-17793,discretionary
TXN00000269,CUST000002,2024-08-14,-450.74,debit,UPI,UPI-RELIANCE DIGITAL-PAYMENT-53090,discretionary
TXN00000270,CUST000002,2024-08-26,-346.3,debit,UPI,UPI-FLIPKART-PAYMENT-99082,discretionary
TXN00000271,CUST000002,2024-08-08,-323.36,debit,UPI,UPI-IRCTC-PAYMENT-18403,discretionary
TXN00000272,CUST000002,2024-08-26,-787.0,debit,UPI,UPI-SWIGGY-PAYMENT-96727,discretionary
TXN00000273,CUST000002,2024-08-15,-468.37,debit,UPI,UPI-AMAZON-PAYMENT-36280,discretionary
TXN00000274,CUST000002,2024-08-07,-1083.35,debit,UPI,UPI-IRCTC-PAYMENT-63205,discretionary
TXN00000275,CUST000002,2024-08-25,-132.79,debit,UPI,UPI-SWIGGY-PAYMENT-66086,discretionary
TXN00000276,CUST000002,2024-09-22,63932.89,credit,NEFT,NEFT/734595/SAL/SKYLINETEX,salary
TXN00000277,CUST000002,2024-09-02,-6100.11,debit,ECS,ECS-EMI-SBI-LOAN312139,emi
TXN00000278,CUST000002,2024-09-11,-535.04,debit,UPI,UPI-RELIANCE DIGITAL-PAYMENT-54717,discretionary
TXN00000279,CUST000002,2024-08-31,-349.77,debit,UPI,UPI-BIGBASKET-PAYMENT-87860,discretionary
TXN00000280,CUST000002,2024-09-15,-711.52,debit,UPI,UPI-IRCTC-PAYMENT-39028,discretionary
TXN00000281,CUST000002,2024-09-18,-1073.2,debit,UPI,UPI-DMART-PAYMENT-46093,discretionary
TXN00000282,CUST000002,2024-09-09,-1045.51,debit,UPI,UPI-RELIANCE DIGITAL-PAYMENT-77050,discretionary
TXN00000283,CUST000002,2024-09-04,-711.8,debit,UPI,UPI-AMAZON-PAYMENT-82608,discretionary
TXN00000284,CUST000002,2024-10-21,65502.24,credit,NEFT,NEFT-N315361-SALARY-NEXGENSYSTEMS-OCT2024,salary
TXN00000285,CUST000002,2024-10-02,-11536.04,debit,ECS,ECS-EMI-SBI-LOAN291727,emi
TXN00000286,CUST000002,2024-10-21,-1207.34,debit,UPI,UPI-FLIPKART-PAYMENT-66508,discretionary
TXN00000287,CUST000002,2024-10-08,-881.81,debit,UPI,UPI-SWIGGY-PAYMENT-39669,discretionary
TXN00000288,CUST000002,2024-10-02,-1210.26,debit,UPI,UPI-PVR CINEMAS-PAYMENT-46994,discretionary
TXN00000289,CUST000002,2024-10-17,-1062.51,debit,UPI,UPI-DMART-PAYMENT-99655,discretionary
TXN00000290,CUST000002,2024-09-28,-1018.15,debit,UPI,UPI-SWIGGY-PAYMENT-86560,discretionary
TXN00000291,CUST000002,2024-10-22,-954.13,debit,UPI,UPI-MYNTRA-PAYMENT-30828,discretionary
TXN00000292,CUST000002,2024-11-25,62496.86,credit,NEFT,SALARY CREDIT INFOTECH SOLUTIONS NOV2024,salary
TXN00000293,CUST000002,2024-11-01,-5627.42,debit,ECS,ECS-EMI-HDFC-LOAN917813,emi
TXN00000294,CUST000002,2024-11-12,-630.44,debit,UPI,UPI-PVR CINEMAS-PAYMENT-11796,discretionary
TXN00000295,CUST000002,2024-11-09,-932.02,debit,UPI,UPI-RELIANCE DIGITAL-PAYMENT-18647,discretionary
TXN00000296,CUST000002,2024-10-28,-1955.56,debit,UPI,UPI-DMART-PAYMENT-21101,discretionary
TXN00000297,CUST000002,2024-11-04,-550.63,debit,UPI,UPI-DMART-PAYMENT-23760,discretionary
TXN00000298,CUST000002,2024-11-06,-192.25,debit,UPI,UPI-AMAZON-PAYMENT-46549,discretionary
TXN00000299,CUST000002,2024-11-17,-574.8,debit,UPI,UPI-SWIGGY-PAYMENT-89965,discretionary
TXN00000300,CUST000002,2024-11-24,-1051.92,debit,UPI,UPI-DMART-PAYMENT-50176,discretionary
TXN00000301,CUST000002,2024-11-16,-1728.57,debit,UPI,UPI-ZOMATO-PAYMENT-54473,discretionary
TXN00000302,CUST000002,2024-11-23,-913.14,debit,UPI,UPI-AMAZON-PAYMENT-61380,discretionary
TXN00000303,CUST000002,2024-11-17,-716.16,debit,UPI,UPI-ZOMATO-PAYMENT-53204,discretionary
TXN00000304,CUST000002,2024-12-26,62490.01,credit,NEFT,NEFT-N651583-SALARY-BHARATRETAILLTD-DEC2024,salary
TXN00000305,CUST000002,2024-12-01,-10507.94,debit,ECS,ECS-EMI-KOTAK-LOAN349970,emi
TXN00000306,CUST000002,2024-12-14,-524.8,debit,UPI,UPI-FLIPKART-PAYMENT-51573,discretionary
TXN00000307,CUST000002,2024-12-19,-1482.09,debit,UPI,UPI-IRCTC-PAYMENT-50035,discretionary
TXN00000308,CUST000002,2024-12-11,-885.41,debit,UPI,UPI-ZOMATO-PAYMENT-12842,discretionary
TXN00000309,CUST000002,2024-12-13,-726.68,debit,UPI,UPI-PVR CINEMAS-PAYMENT-95534,discretionary
TXN00000310,CUST000002,2024-12-24,-1125.11,debit,UPI,UPI-FLIPKART-PAYMENT-38222,discretionary
TXN00000311,CUST000002,2024-12-07,-629.74,debit,UPI,UPI-PVR CINEMAS-PAYMENT-11610,discretionary
TXN00000312,CUST000002,2024-11-28,-483.96,debit,UPI,UPI-PVR CINEMAS-PAYMENT-58561,discretionary
TXN00000313,CUST000002,2024-12-02,-367.17,debit,UPI,UPI-SWIGGY-PAYMENT-59008,discretionary
TXN00000314,CUST000002,2024-11-28,-566.61,debit,UPI,UPI-PVR CINEMAS-PAYMENT-87663,discretionary
TXN00000315,CUST000002,2025-01-21,57420.86,credit,NEFT,NEFT/884648/SAL/BHARATRETA,salary
TXN00000316,CUST000002,2024-12-31,-5658.53,debit,ECS,ECS-EMI-AXIS-LOAN227498,emi
TXN00000317,CUST000002,2025-01-14,-282.27,debit,UPI,UPI-PVR CINEMAS-PAYMENT-36666,discretionary
TXN00000318,CUST000002,2024-12-27,-871.36,debit,UPI,UPI-PVR CINEMAS-PAYMENT-45709,discretionary
TXN00000319,CUST000002,2025-01-23,-391.07,debit,UPI,UPI-DMART-PAYMENT-53412,discretionary
TXN00000320,CUST000002,2024-12-30,-916.5,debit,UPI,UPI-MYNTRA-PAYMENT-32722,discretionary
TXN00000321,CUST000002,2025-01-18,-750.43,debit,UPI,UPI-BIGBASKET-PAYMENT-29284,discretionary
TXN00000322,CUST000002,2025-01-15,-764.08,debit,UPI,UPI-FLIPKART-PAYMENT-35946,discretionary
TXN00000323,CUST000002,2025-01-20,-782.33,debit,UPI,UPI-MYNTRA-PAYMENT-74656,discretionary
TXN00000324,CUST000002,2025-01-23,-587.72,debit,UPI,UPI-FLIPKART-PAYMENT-35414,discretionary
TXN00000325,CUST000002,2025-01-11,-752.62,debit,UPI,UPI-BIGBASKET-PAYMENT-74817,discretionary
TXN00000326,CUST000002,2025-01-23,-319.81,debit,UPI,UPI-IRCTC-PAYMENT-73266,discretionary
TXN00000327,CUST000002,2025-01-17,-594.21,debit,UPI,UPI-AMAZON-PAYMENT-31754,discretionary
TXN00000328,CUST000002,2025-02-21,70397.82,credit,NEFT,NEFT/733302/SAL/RELIABLETR,salary
TXN00000329,CUST000002,2025-01-30,-9061.78,debit,ECS,ECS-EMI-AXIS-LOAN537821,emi
TXN00000330,CUST000002,2025-02-20,-647.17,debit,UPI,UPI-MYNTRA-PAYMENT-73692,discretionary
TXN00000331,CUST000002,2025-02-08,-587.53,debit,UPI,UPI-ZOMATO-PAYMENT-92204,discretionary
TXN00000332,CUST000002,2025-02-14,-254.88,debit,UPI,UPI-SWIGGY-PAYMENT-21341,discretionary
TXN00000333,CUST000002,2025-02-13,-734.3,debit,UPI,UPI-RELIANCE DIGITAL-PAYMENT-91879,discretionary
TXN00000334,CUST000002,2025-02-18,-734.94,debit,UPI,UPI-PVR CINEMAS-PAYMENT-57095,discretionary
TXN00000335,CUST000002,2025-02-01,-621.38,debit,UPI,UPI-PVR CINEMAS-PAYMENT-79393,discretionary
TXN00000336,CUST000002,2025-02-16,-567.27,debit,UPI,UPI-ZOMATO-PAYMENT-48912,discretionary
TXN00000337,CUST000002,2025-02-10,-1024.23,debit,UPI,UPI-ZOMATO-PAYMENT-88376,discretionary
TXN00000338,CUST000002,2025-01-30,-1220.83,debit,UPI,UPI-DMART-PAYMENT-72716,discretionary
TXN00000339,CUST000002,2025-02-01,-1098.65,debit,UPI,UPI-FLIPKART-PAYMENT-23202,discretionary
TXN00000340,CUST000002,2025-01-27,-626.9,debit,UPI,UPI-DMART-PAYMENT-87896,discretionary
TXN00000341,CUST000002,2025-02-05,-948.22,debit,UPI,UPI-BIGBASKET-PAYMENT-75874,discretionary
TXN00000342,CUST000002,2025-02-09,-654.01,debit,UPI,UPI-AMAZON-PAYMENT-30804,discretionary
TXN00000343,CUST000002,2025-03-21,65235.63,credit,NEFT,NEFT-N531511-SALARY-METROLOGISTICS-MAR2025,salary
TXN00000344,CUST000002,2025-03-01,-8791.73,debit,ECS,ECS-EMI-HDFC-LOAN844611,emi
TXN00000345,CUST000002,2025-03-24,-650.79,debit,UPI,UPI-FLIPKART-PAYMENT-26667,discretionary
TXN00000346,CUST000002,2025-03-17,-475.33,debit,UPI,UPI-MYNTRA-PAYMENT-17051,discretionary
TXN00000347,CUST000002,2025-03-23,-526.94,debit,UPI,UPI-BIGBASKET-PAYMENT-21553,discretionary
TXN00000348,CUST000002,2025-02-27,-443.68,debit,UPI,UPI-AMAZON-PAYMENT-51014,discretionary
TXN00000349,CUST000002,2025-02-25,-782.13,debit,UPI,UPI-RELIANCE DIGITAL-PAYMENT-53667,discretionary
TXN00000350,CUST000002,2025-03-20,-1162.12,debit,UPI,UPI-DMART-PAYMENT-73827,discretionary
TXN00000351,CUST000002,2025-02-25,-679.39,debit,UPI,UPI-BIGBASKET-PAYMENT-98369,discretionary
TXN00000352,CUST000002,2025-03-24,-578.78,debit,UPI,UPI-PVR CINEMAS-PAYMENT-76859,discretionary
TXN00000353,CUST000002,2025-03-24,-365.51,debit,UPI,UPI-DMART-PAYMENT-27703,discretionary
TXN00000354,CUST000002,2025-04-21,61118.93,credit,NEFT,NEFT-N827305-SALARY-INFOTECHSOLUTIONS-APR2025,salary
TXN00000355,CUST000002,2025-03-31,-11405.17,debit,ECS,ECS-EMI-KOTAK-LOAN931099,emi
TXN00000356,CUST000002,2025-04-10,-609.43,debit,UPI,UPI-DMART-PAYMENT-98850,discretionary
TXN00000357,CUST000002,2025-04-11,-470.72,debit,UPI,UPI-BIGBASKET-PAYMENT-75830,discretionary
TXN00000358,CUST000002,2025-03-28,-980.41,debit,UPI,UPI-ZOMATO-PAYMENT-60464,discretionary
TXN00000359,CUST000002,2025-04-23,-245.31,debit,UPI,UPI-AMAZON-PAYMENT-86871,discretionary
TXN00000360,CUST000002,2025-04-23,-467.92,debit,UPI,UPI-BIGBASKET-PAYMENT-71028,discretionary
TXN00000361,CUST000002,2025-04-10,-383.2,debit,UPI,UPI-ZOMATO-PAYMENT-20826,discretionary
TXN00000362,CUST000002,2025-04-12,-732.04,debit,UPI,UPI-ZOMATO-PAYMENT-81048,discretionary
TXN00000363,CUST000002,2025-05-24,66414.29,credit,NEFT,SALARY CREDIT SUNCITY CORP MAY2025,salary
TXN00000364,CUST000002,2025-04-30,-10748.65,debit,ECS,ECS-EMI-SBI-LOAN750474,emi
TXN00000365,CUST000002,2025-05-06,-2048.71,debit,UPI,UPI-BIGBASKET-PAYMENT-71374,discretionary
TXN00000366,CUST000002,2025-05-06,-1317.77,debit,UPI,UPI-PVR CINEMAS-PAYMENT-43385,discretionary
TXN00000367,CUST000002,2025-05-03,-1215.66,debit,UPI,UPI-FLIPKART-PAYMENT-17785,discretionary
TXN00000368,CUST000002,2025-05-07,-582.64,debit,UPI,UPI-MYNTRA-PAYMENT-67409,discretionary
TXN00000369,CUST000002,2025-05-09,-630.69,debit,UPI,UPI-FLIPKART-PAYMENT-12303,discretionary
TXN00000370,CUST000002,2025-05-13,-456.38,debit,UPI,UPI-BIGBASKET-PAYMENT-39683,discretionary
TXN00000371,CUST000002,2025-05-14,-881.81,debit,UPI,UPI-DMART-PAYMENT-18332,discretionary
TXN00000372,CUST000002,2025-06-21,64961.82,credit,NEFT,NEFT-N449683-SALARY-PRIMECONSULTING-JUN2025,salary
TXN00000373,CUST000002,2025-05-30,-6360.34,debit,ECS,ECS-EMI-SBI-LOAN754383,emi
TXN00000374,CUST000002,2025-06-09,-1003.5,debit,UPI,UPI-SWIGGY-PAYMENT-87686,discretionary
TXN00000375,CUST000002,2025-05-28,-633.5,debit,UPI,UPI-ZOMATO-PAYMENT-45183,discretionary
TXN00000376,CUST000002,2025-06-02,-1005.48,debit,UPI,UPI-IRCTC-PAYMENT-93975,discretionary
TXN00000377,CUST000002,2025-06-23,188192.18,credit,NEFT,NEFT-TRANSFER-IN-230625,window_dressing
TXN00000378,CUST000003,2024-01-26,95962.14,credit,NEFT,NEFT-N637767-SALARY-RELIABLETRADERS-JAN2024,salary
TXN00000379,CUST000003,2024-01-08,-1419.31,debit,UPI,UPI-SWIGGY-PAYMENT-53167,discretionary
TXN00000380,CUST000003,2024-01-23,-2359.12,debit,UPI,UPI-SWIGGY-PAYMENT-47253,discretionary
TXN00000381,CUST000003,2024-01-20,-1216.2,debit,UPI,UPI-MYNTRA-PAYMENT-65686,discretionary
TXN00000382,CUST000003,2024-01-24,-3790.7,debit,UPI,UPI-AMAZON-PAYMENT-70137,discretionary
TXN00000383,CUST000003,2024-02-26,98094.9,credit,NEFT,NEFT/520667/SAL/RELIABLETR,salary
TXN00000384,CUST000003,2024-02-13,-286.87,debit,UPI,UPI-AMAZON-PAYMENT-91004,discretionary
TXN00000385,CUST000003,2024-02-02,-579.95,debit,UPI,UPI-RELIANCE DIGITAL-PAYMENT-74317,discretionary
TXN00000386,CUST000003,2024-02-08,-667.86,debit,UPI,UPI-DMART-PAYMENT-42014,discretionary
TXN00000387,CUST000003,2024-02-12,-1211.05,debit,UPI,UPI-IRCTC-PAYMENT-24888,discretionary
TXN00000388,CUST000003,2024-02-16,-1540.18,debit,UPI,UPI-DMART-PAYMENT-37169,discretionary
TXN00000389,CUST000003,2024-02-26,-427.32,debit,UPI,UPI-SWIGGY-PAYMENT-40784,discretionary
TXN00000390,CUST000003,2024-02-05,-1307.57,debit,UPI,UPI-ZOMATO-PAYMENT-39577,discretionary
TXN00000391,CUST000003,2024-02-23,-312.29,debit,UPI,UPI-ZOMATO-PAYMENT-25654,discretionary
TXN00000392,CUST000003,2024-02-11,-525.93,debit,UPI,UPI-AMAZON-PAYMENT-84551,discretionary
TXN00000393,CUST000003,2024-03-25,103088.53,credit,NEFT,NEFT/380491/SAL/INFOTECHSO,salary
TXN00000394,CUST000003,2024-03-20,-1628.37,debit,UPI,UPI-MYNTRA-PAYMENT-86100,discretionary
TXN00000395,CUST000003,2024-03-06,-1364.65,debit,UPI,UPI-PVR CINEMAS-PAYMENT-62639,discretionary
TXN00000396,CUST000003,2024-03-10,-2694.7,debit,UPI,UPI-DMART-PAYMENT-31418,discretionary
TXN00000397,CUST000003,2024-03-21,-833.94,debit,UPI,UPI-AMAZON-PAYMENT-13133,discretionary
TXN00000398,CUST000003,2024-03-07,-969.15,debit,UPI,UPI-IRCTC-PAYMENT-60600,discretionary
TXN00000399,CUST000003,2024-04-27,96599.51,credit,NEFT,NEFT/788599/SAL/SUNCITYCOR,salary
TXN00000400,CUST000003,2024-04-08,-864.16,debit,UPI,UPI-SWIGGY-PAYMENT-95852,discretionary
TXN00000401,CUST000003,2024-04-25,-1039.57,debit,UPI,UPI-BIGBASKET-PAYMENT-88650,discretionary
TXN00000402,CUST000003,2024-04-12,-1291.57,debit,UPI,UPI-MYNTRA-PAYMENT-26997,discretionary
TXN00000403,CUST000003,2024-04-06,-389.26,debit,UPI,UPI-SWIGGY-PAYMENT-89074,discretionary
TXN00000404,CUST000003,2024-04-09,-1324.43,debit,UPI,UPI-MYNTRA-PAYMENT-73711,discretionary
TXN00000405,CUST000003,2024-04-14,-903.65,debit,UPI,UPI-FLIPKART-PAYMENT-48697,discretionary
TXN00000406,CUST000003,2024-05-29,88136.69,credit,NEFT,NEFT/180441/SAL/NEXGENSYST,salary
TXN00000407,CUST000003,2024-05-25,-846.67,debit,UPI,UPI-ZOMATO-PAYMENT-91321,discretionary
TXN00000408,CUST000003,2024-05-04,-277.55,debit,UPI,UPI-MYNTRA-PAYMENT-30845,discretionary
TXN00000409,CUST000003,2024-05-06,-861.62,debit,UPI,UPI-DMART-PAYMENT-48126,discretionary
TXN00000410,CUST000003,2024-05-22,-925.57,debit,UPI,UPI-IRCTC-PAYMENT-38867,discretionary
TXN00000411,CUST000003,2024-05-15,-1057.45,debit,UPI,UPI-PVR CINEMAS-PAYMENT-13965,discretionary
TXN00000412,CUST000003,2024-05-05,-782.43,debit,UPI,UPI-AMAZON-PAYMENT-67249,discretionary
TXN00000413,CUST000003,2024-05-14,-4251.49,debit,UPI,UPI-FLIPKART-PAYMENT-75529,discretionary
TXN00000414,CUST000003,2024-05-17,-2345.21,debit,UPI,UPI-AMAZON-PAYMENT-96945,discretionary
TXN00000415,CUST000003,2024-06-24,95878.33,credit,NEFT,SALARY CREDIT SUNCITY CORP JUN2024,salary
TXN00000416,CUST000003,2024-06-05,-1606.55,debit,UPI,UPI-IRCTC-PAYMENT-93910,discretionary
TXN00000417,CUST000003,2024-06-14,-366.03,debit,UPI,UPI-SWIGGY-PAYMENT-97551,discretionary
TXN00000418,CUST000003,2024-06-25,-1269.67,debit,UPI,UPI-AMAZON-PAYMENT-33825,discretionary
TXN00000419,CUST000003,2024-06-23,-1062.13,debit,UPI,UPI-MYNTRA-PAYMENT-90158,discretionary
TXN00000420,CUST000003,2024-06-20,-570.78,debit,UPI,UPI-IRCTC-PAYMENT-24327,discretionary
TXN00000421,CUST000003,2024-06-15,-2048.48,debit,UPI,UPI-FLIPKART-PAYMENT-46343,discretionary
TXN00000422,CUST000003,2024-06-04,-458.58,debit,UPI,UPI-BIGBASKET-PAYMENT-81026,discretionary
TXN00000423,CUST000003,2024-06-10,-1660.9,debit,UPI,UPI-AMAZON-PAYMENT-82910,discretionary
TXN00000424,CUST000003,2024-06-08,-928.98,debit,UPI,UPI-ZOMATO-PAYMENT-18140,discretionary
TXN00000425,CUST000003,2024-06-12,-575.64,debit,UPI,UPI-IRCTC-PAYMENT-75023,discretionary
TXN00000426,CUST000003,2024-07-29,91049.29,credit,NEFT,SALARY CREDIT INFOTECH SOLUTIONS JUL2024,salary
TXN00000427,CUST000003,2024-07-10,-563.9,debit,UPI,UPI-RELIANCE DIGITAL-PAYMENT-23931,discretionary
TXN00000428,CUST000003,2024-06-30,-546.09,debit,UPI,UPI-FLIPKART-PAYMENT-46808,discretionary
TXN00000429,CUST000003,2024-07-12,-672.29,debit,UPI,UPI-FLIPKART-PAYMENT-74539,discretionary
TXN00000430,CUST000003,2024-07-03,-1374.46,debit,UPI,UPI-RELIANCE DIGITAL-PAYMENT-86515,discretionary
TXN00000431,CUST000003,2024-07-15,-843.85,debit,UPI,UPI-MYNTRA-PAYMENT-99037,discretionary
TXN00000432,CUST000003,2024-07-18,-611.8,debit,UPI,UPI-BIGBASKET-PAYMENT-11171,discretionary
TXN00000433,CUST000003,2024-07-22,-724.24,debit,UPI,UPI-FLIPKART-PAYMENT-58886,discretionary
TXN00000434,CUST000003,2024-07-14,-2516.93,debit,UPI,UPI-FLIPKART-PAYMENT-37179,discretionary
TXN00000435,CUST000003,2024-07-05,-1106.56,debit,UPI,UPI-SWIGGY-PAYMENT-87678,discretionary
TXN00000436,CUST000003,2024-07-02,-865.8,debit,UPI,UPI-FLIPKART-PAYMENT-34696,discretionary
TXN00000437,CUST000003,2024-08-27,90421.17,credit,NEFT,SALARY CREDIT SKYLINE TEXTILES AUG2024,salary
TXN00000438,CUST000003,2024-08-10,-1793.55,debit,UPI,UPI-MYNTRA-PAYMENT-13127,discretionary
TXN00000439,CUST000003,2024-07-31,-1503.46,debit,UPI,UPI-BIGBASKET-PAYMENT-60951,discretionary
TXN00000440,CUST000003,2024-08-09,-661.19,debit,UPI,UPI-ZOMATO-PAYMENT-26793,discretionary
TXN00000441,CUST000003,2024-08-18,-757.59,debit,UPI,UPI-BIGBASKET-PAYMENT-78858,discretionary
TXN00000442,CUST000003,2024-07-31,-527.91,debit,UPI,UPI-MYNTRA-PAYMENT-62633,discretionary
TXN00000443,CUST000003,2024-08-10,-617.87,debit,UPI,UPI-DMART-PAYMENT-26374,discretionary
TXN00000444,CUST000003,2024-08-18,-1471.93,debit,UPI,UPI-IRCTC-PAYMENT-52830,discretionary
TXN00000445,CUST000003,2024-08-13,-949.89,debit,UPI,UPI-DMART-PAYMENT-50503,discretionary
TXN00000446,CUST000003,2024-08-22,-1511.69,debit,UPI,UPI-MYNTRA-PAYMENT-30809,discretionary
TXN00000447,CUST000003,2024-08-24,-1679.66,debit,UPI,UPI-SWIGGY-PAYMENT-43123,discretionary
TXN00000448,CUST000003,2024-08-25,-1050.82,debit,UPI,UPI-ZOMATO-PAYMENT-67270,discretionary
TXN00000449,CUST000003,2024-09-21,94869.45,credit,NEFT,NEFT-N834121-SALARY-RELIABLETRADERS-SEP2024,salary
TXN00000450,CUST000003,2024-09-10,-892.7,debit,UPI,UPI-AMAZON-PAYMENT-19057,discretionary
TXN00000451,CUST000003,2024-08-31,-772.14,debit,UPI,UPI-PVR CINEMAS-PAYMENT-83964,discretionary
TXN00000452,CUST000003,2024-09-16,-793.64,debit,UPI,UPI-BIGBASKET-PAYMENT-24648,discretionary
TXN00000453,CUST000003,2024-09-14,-470.1,debit,UPI,UPI-SWIGGY-PAYMENT-64940,discretionary
TXN00000454,CUST000003,2024-09-13,-1377.62,debit,UPI,UPI-ZOMATO-PAYMENT-67320,discretionary
TXN00000455,CUST000003,2024-09-10,-1375.1,debit,UPI,UPI-PVR CINEMAS-PAYMENT-22938,discretionary
TXN00000456,CUST000003,2024-09-23,-657.57,debit,UPI,UPI-IRCTC-PAYMENT-27582,discretionary
TXN00000457,CUST000003,2024-09-09,-513.23,debit,UPI,UPI-MYNTRA-PAYMENT-90865,discretionary
TXN00000458,CUST000003,2024-10-24,103013.07,credit,NEFT,NEFT/682348/SAL/METROLOGIS,salary
TXN00000459,CUST000003,2024-10-11,-713.63,debit,UPI,UPI-IRCTC-PAYMENT-10511,discretionary
TXN00000460,CUST000003,2024-10-23,-506.04,debit,UPI,UPI-PVR CINEMAS-PAYMENT-37494,discretionary
TXN00000461,CUST000003,2024-10-24,-3168.19,debit,UPI,UPI-DMART-PAYMENT-40735,discretionary
TXN00000462,CUST000003,2024-10-02,-952.4,debit,UPI,UPI-ZOMATO-PAYMENT-19631,discretionary
TXN00000463,CUST000003,2024-09-30,-4515.32,debit,UPI,UPI-IRCTC-PAYMENT-48874,discretionary
TXN00000464,CUST000003,2024-10-17,-946.36,debit,UPI,UPI-PVR CINEMAS-PAYMENT-81635,discretionary
TXN00000465,CUST000003,2024-11-25,95249.67,credit,NEFT,SALARY CREDIT NEXGEN SYSTEMS NOV2024,salary
TXN00000466,CUST000003,2024-11-08,-359.23,debit,UPI,UPI-BIGBASKET-PAYMENT-59505,discretionary
TXN00000467,CUST000003,2024-11-09,-1445.71,debit,UPI,UPI-SWIGGY-PAYMENT-22712,discretionary
TXN00000468,CUST000003,2024-11-18,-1350.67,debit,UPI,UPI-IRCTC-PAYMENT-58592,discretionary
TXN00000469,CUST000003,2024-11-13,-849.07,debit,UPI,UPI-SWIGGY-PAYMENT-82797,discretionary
TXN00000470,CUST000003,2024-11-01,-1352.01,debit,UPI,UPI-DMART-PAYMENT-19275,discretionary
TXN00000471,CUST000003,2024-11-14,-1487.1,debit,UPI,UPI-DMART-PAYMENT-18414,discretionary
TXN00000472,CUST000003,2024-11-02,-1833.39,debit,UPI,UPI-FLIPKART-PAYMENT-23853,discretionary
TXN00000473,CUST000003,2024-11-06,-310.56,debit,UPI,UPI-MYNTRA-PAYMENT-58209,discretionary
TXN00000474,CUST000003,2024-12-25,90803.9,credit,NEFT,NEFT/619157/SAL/SKYLINETEX,salary
TXN00000475,CUST000003,2024-12-12,-1884.56,debit,UPI,UPI-ZOMATO-PAYMENT-15667,discretionary
TXN00000476,CUST000003,2024-12-02,-2584.06,debit,UPI,UPI-MYNTRA-PAYMENT-67634,discretionary
TXN00000477,CUST000003,2024-12-05,-1164.47,debit,UPI,UPI-PVR CINEMAS-PAYMENT-40323,discretionary
TXN00000478,CUST000003,2024-12-06,-564.7,debit,UPI,UPI-MYNTRA-PAYMENT-85761,discretionary
TXN00000479,CUST000003,2024-12-03,-1711.89,debit,UPI,UPI-ZOMATO-PAYMENT-32759,discretionary
TXN00000480,CUST000003,2024-12-15,-3359.48,debit,UPI,UPI-BIGBASKET-PAYMENT-35302,discretionary
TXN00000481,CUST000003,2024-12-05,-937.81,debit,UPI,UPI-DMART-PAYMENT-25244,discretionary
TXN00000482,CUST000003,2024-12-13,-905.22,debit,UPI,UPI-BIGBASKET-PAYMENT-57708,discretionary
TXN00000483,CUST000003,2024-12-14,-450.63,debit,UPI,UPI-IRCTC-PAYMENT-11293,discretionary
TXN00000484,CUST000003,2025-01-20,96118.29,credit,NEFT,NEFT/411117/SAL/METROLOGIS,salary
TXN00000485,CUST000003,2025-01-13,-643.33,debit,UPI,UPI-IRCTC-PAYMENT-89926,discretionary
TXN00000486,CUST000003,2024-12-31,-1802.97,debit,UPI,UPI-BIGBASKET-PAYMENT-37209,discretionary
TXN00000487,CUST000003,2024-12-30,-918.93,debit,UPI,UPI-DMART-PAYMENT-60765,discretionary
TXN00000488,CUST000003,2025-01-21,-1462.35,debit,UPI,UPI-AMAZON-PAYMENT-79117,discretionary
TXN00000489,CUST000003,2025-01-12,-2605.25,debit,UPI,UPI-FLIPKART-PAYMENT-92058,discretionary
TXN00000490,CUST000003,2025-02-18,92383.26,credit,NEFT,NEFT/483473/SAL/SKYLINETEX,salary
TXN00000491,CUST000003,2025-02-14,-1550.96,debit,UPI,UPI-IRCTC-PAYMENT-85804,discretionary
TXN00000492,CUST000003,2025-01-31,-1094.44,debit,UPI,UPI-AMAZON-PAYMENT-86323,discretionary
TXN00000493,CUST000003,2025-02-03,-1534.16,debit,UPI,UPI-PVR CINEMAS-PAYMENT-48791,discretionary
TXN00000494,CUST000003,2025-02-12,-1433.86,debit,UPI,UPI-PVR CINEMAS-PAYMENT-14640,discretionary
TXN00000495,CUST000003,2025-01-30,-845.19,debit,UPI,UPI-BIGBASKET-PAYMENT-21209,discretionary
TXN00000496,CUST000003,2025-02-13,-279.01,debit,UPI,UPI-IRCTC-PAYMENT-93692,discretionary
TXN00000497,CUST000003,2025-02-03,-930.1,debit,UPI,UPI-DMART-PAYMENT-40677,discretionary
TXN00000498,CUST000003,2025-02-07,-291.51,debit,ECS,ECS-RETURN-INSUFFICIENT FUNDS,bounce
TXN00000499,CUST000003,2025-03-25,99876.52,credit,NEFT,NEFT/737961/SAL/INFOTECHSO,salary
TXN00000500,CUST000003,2025-03-03,-1129.68,debit,UPI,UPI-BIGBASKET-PAYMENT-56874,discretionary
